id,name,description,created_at
1,Colt,pede. Cras vulputate velit eu sem. Pellentesque ut ipsum ac,2011-05-20T21:00:00.000Z
2,Dustin,erat volutpat. Nulla dignissim. Maecenas ornare egestas ligula. Nullam feugiat,2026-03-21T22:00:00.000Z
3,Gannon,mauris. Suspendisse aliquet molestie tellus. Aenean egestas hendrerit neque. In,2011-11-20T22:00:00.000Z
4,Yardley,"pellentesque massa lobortis ultrices. Vivamus rhoncus. Donec est. Nunc ullamcorper,",2009-06-20T21:00:00.000Z
5,Bevis,Morbi quis urna. Nunc quis arcu vel quam dignissim pharetra.,2015-07-20T21:00:00.000Z
6,Ishmael,purus gravida sagittis. Duis gravida. Praesent eu nulla at sem,2025-09-19T21:00:00.000Z
7,Zahir,"dis parturient montes, nascetur ridiculus mus. Proin vel nisl. Quisque",2024-09-20T21:00:00.000Z
8,Ferdinand,"tellus non magna. Nam ligula elit, pretium et, rutrum non,",2008-10-20T21:00:00.000Z
9,Rogan,fringilla purus mauris a nunc. In at pede. Cras vulputate,2014-09-19T21:00:00.000Z
10,Travis,dictum. Phasellus in felis. Nulla tempor augue ac ipsum. Phasellus,2001-09-19T21:00:00.000Z
11,Kaseem,"semper, dui lectus rutrum urna, nec luctus felis purus ac",2001-02-21T22:00:00.000Z
12,Lars,"posuere at, velit. Cras lorem lorem, luctus ut, pellentesque eget,",2019-11-20T22:00:00.000Z
13,Ivor,"nunc, ullamcorper eu, euismod ac, fermentum vel, mauris. Integer sem",2014-05-19T21:00:00.000Z
14,Duncan,In scelerisque scelerisque dui. Suspendisse ac metus vitae velit egestas,2011-09-20T21:00:00.000Z
15,Alec,lobortis tellus justo sit amet nulla. Donec non justo. Proin,2023-02-20T22:00:00.000Z
16,Prescott,"hendrerit. Donec porttitor tellus non magna. Nam ligula elit, pretium",2025-09-20T21:00:00.000Z
17,Ishmael,odio tristique pharetra. Quisque ac libero nec ligula consectetuer rhoncus.,2030-03-21T22:00:00.000Z
18,Raymond,Nullam nisl. Maecenas malesuada fringilla est. Mauris eu turpis. Nulla,2002-08-19T21:00:00.000Z
19,Hilel,"odio a purus. Duis elementum, dui quis accumsan convallis, ante",2008-10-20T21:00:00.000Z
20,Bert,Aenean eget magna. Suspendisse tristique neque venenatis lacus. Etiam bibendum,2026-12-19T22:00:00.000Z
21,Benjamin,quam quis diam. Pellentesque habitant morbi tristique senectus et netus,2026-10-19T21:00:00.000Z
22,William,Sed dictum. Proin eget odio. Aliquam vulputate ullamcorper magna. Sed,2018-07-20T21:00:00.000Z
23,Robert,lacus. Etiam bibendum fermentum metus. Aenean sed pede nec ante,2007-04-21T21:00:00.000Z
24,Carson,"tellus. Suspendisse sed dolor. Fusce mi lorem, vehicula et, rutrum",2008-11-20T22:00:00.000Z
25,Kibo,"et, commodo at, libero. Morbi accumsan laoreet ipsum. Curabitur consequat,",2030-07-19T21:00:00.000Z
26,Amery,"viverra. Maecenas iaculis aliquet diam. Sed diam lorem, auctor quis,",2026-02-21T22:00:00.000Z
27,Cameron,commodo auctor velit. Aliquam nisl. Nulla eu neque pellentesque massa,2021-01-21T22:00:00.000Z
28,Samuel,habitant morbi tristique senectus et netus et malesuada fames ac,2015-06-20T21:00:00.000Z
29,Macon,"nonummy ut, molestie in, tempus eu, ligula. Aenean euismod mauris",2018-06-20T21:00:00.000Z
30,Keaton,"hendrerit id, ante. Nunc mauris sapien, cursus in, hendrerit consectetuer,",2020-04-19T21:00:00.000Z
31,Laith,vestibulum. Mauris magna. Duis dignissim tempor arcu. Vestibulum ut eros,2029-08-20T21:00:00.000Z
32,Chandler,"aliquam iaculis, lacus pede sagittis augue, eu tempor erat neque",2014-02-20T22:00:00.000Z
33,Lamar,eu tellus eu augue porttitor interdum. Sed auctor odio a,2019-06-19T21:00:00.000Z
34,Fritz,fringilla cursus purus. Nullam scelerisque neque sed sem egestas blandit.,2005-12-19T22:00:00.000Z
35,Cedric,"fringilla ornare placerat, orci lacus vestibulum lorem, sit amet ultricies",2009-11-19T22:00:00.000Z
36,Carson,quis diam luctus lobortis. Class aptent taciti sociosqu ad litora,2022-03-21T22:00:00.000Z
37,Phelan,Morbi non sapien molestie orci tincidunt adipiscing. Mauris molestie pharetra,2023-11-20T22:00:00.000Z
38,Rudyard,Sed id risus quis diam luctus lobortis. Class aptent taciti,2029-05-20T21:00:00.000Z
39,Justin,"nec, diam. Duis mi enim, condimentum eget, volutpat ornare, facilisis",2015-04-19T21:00:00.000Z
40,Cole,orci. Ut sagittis lobortis mauris. Suspendisse aliquet molestie tellus. Aenean,2021-05-20T21:00:00.000Z
41,Blake,orci. Ut semper pretium neque. Morbi quis urna. Nunc quis,2026-03-20T22:00:00.000Z
42,Randall,"ornare, facilisis eget, ipsum. Donec sollicitudin adipiscing ligula. Aenean gravida",2026-08-19T21:00:00.000Z
43,Samuel,"lorem, eget mollis lectus pede et risus. Quisque libero lacus,",2019-08-19T21:00:00.000Z
44,William,urna. Nunc quis arcu vel quam dignissim pharetra. Nam ac,2023-03-20T22:00:00.000Z
45,Nehru,Aenean gravida nunc sed pede. Cum sociis natoque penatibus et,2027-04-20T21:00:00.000Z
46,Arthur,Nunc quis arcu vel quam dignissim pharetra. Nam ac nulla.,2013-09-19T21:00:00.000Z
47,Hamish,vel sapien imperdiet ornare. In faucibus. Morbi vehicula. Pellentesque tincidunt,2024-10-20T21:00:00.000Z
48,Tyler,Etiam imperdiet dictum magna. Ut tincidunt orci quis lectus. Nullam,2014-07-20T21:00:00.000Z
49,Justin,eu dui. Cum sociis natoque penatibus et magnis dis parturient,2001-11-20T22:00:00.000Z
50,Beau,"eu, placerat eget, venenatis a, magna. Lorem ipsum dolor sit",2012-06-19T21:00:00.000Z
51,Erich,scelerisque neque. Nullam nisl. Maecenas malesuada fringilla est. Mauris eu,2011-06-19T21:00:00.000Z
52,Macon,"a, malesuada id, erat. Etiam vestibulum massa rutrum magna. Cras",2007-08-19T21:00:00.000Z
53,Barrett,"tortor, dictum eu, placerat eget, venenatis a, magna. Lorem ipsum",2005-05-20T21:00:00.000Z
54,Lars,"ac facilisis facilisis, magna tellus faucibus leo, in lobortis tellus",2024-04-20T21:00:00.000Z
55,Wesley,"in, tempus eu, ligula. Aenean euismod mauris eu elit. Nulla",2023-11-19T22:00:00.000Z
56,Brady,Nullam nisl. Maecenas malesuada fringilla est. Mauris eu turpis. Nulla,2028-06-19T21:00:00.000Z
57,Hilel,gravida molestie arcu. Sed eu nibh vulputate mauris sagittis placerat.,2031-03-21T22:00:00.000Z
58,Aladdin,"malesuada vel, venenatis vel, faucibus id, libero. Donec consectetuer mauris",2010-04-20T21:00:00.000Z
59,Dolan,"Nulla eget metus eu erat semper rutrum. Fusce dolor quam,",2013-06-19T21:00:00.000Z
60,Kadeem,"semper egestas, urna justo faucibus lectus, a sollicitudin orci sem",2018-03-21T22:00:00.000Z
61,Dane,pede. Praesent eu dui. Cum sociis natoque penatibus et magnis,2008-11-19T22:00:00.000Z
62,Judah,In faucibus. Morbi vehicula. Pellentesque tincidunt tempus risus. Donec egestas.,2009-05-20T21:00:00.000Z
63,Michael,"convallis ligula. Donec luctus aliquet odio. Etiam ligula tortor, dictum",2011-03-21T22:00:00.000Z
64,Isaac,luctus et ultrices posuere cubilia Curae; Donec tincidunt. Donec vitae,2023-03-20T22:00:00.000Z
65,Alexander,nonummy ipsum non arcu. Vivamus sit amet risus. Donec egestas.,2008-10-19T21:00:00.000Z
66,Leo,"fermentum convallis ligula. Donec luctus aliquet odio. Etiam ligula tortor,",2023-12-20T22:00:00.000Z
67,Duncan,"nec, eleifend non, dapibus rutrum, justo. Praesent luctus. Curabitur egestas",2031-05-20T21:00:00.000Z
68,Donovan,Cras eget nisi dictum augue malesuada malesuada. Integer id magna,2014-04-21T21:00:00.000Z
69,Alvin,"nonummy ultricies ornare, elit elit fermentum risus, at fringilla purus",2025-12-19T22:00:00.000Z
70,Kasper,"aptent taciti sociosqu ad litora torquent per conubia nostra, per",2008-02-20T22:00:00.000Z
71,Xander,"Aliquam adipiscing lobortis risus. In mi pede, nonummy ut, molestie",2030-08-19T21:00:00.000Z
72,Josiah,"felis purus ac tellus. Suspendisse sed dolor. Fusce mi lorem,",2008-04-20T21:00:00.000Z
73,Oleg,"Donec luctus aliquet odio. Etiam ligula tortor, dictum eu, placerat",2005-09-19T21:00:00.000Z
74,Lewis,malesuada malesuada. Integer id magna et ipsum cursus vestibulum. Mauris,2002-05-19T21:00:00.000Z
75,Neville,nisl. Maecenas malesuada fringilla est. Mauris eu turpis. Nulla aliquet.,2007-12-20T22:00:00.000Z
76,Dustin,tellus id nunc interdum feugiat. Sed nec metus facilisis lorem,2010-08-20T21:00:00.000Z
77,Leo,"justo faucibus lectus, a sollicitudin orci sem eget massa. Suspendisse",2027-05-20T21:00:00.000Z
78,Xanthus,ac arcu. Nunc mauris. Morbi non sapien molestie orci tincidunt,2008-03-21T22:00:00.000Z
79,Denton,"justo faucibus lectus, a sollicitudin orci sem eget massa. Suspendisse",2015-03-21T22:00:00.000Z
80,Fletcher,"velit. Cras lorem lorem, luctus ut, pellentesque eget, dictum placerat,",2012-11-19T22:00:00.000Z
81,Griffith,"mattis ornare, lectus ante dictum mi, ac mattis velit justo",2007-12-20T22:00:00.000Z
82,Louis,magna. Sed eu eros. Nam consequat dolor vitae dolor. Donec,2025-10-19T21:00:00.000Z
83,Branden,"Curabitur ut odio vel est tempor bibendum. Donec felis orci,",2011-12-20T22:00:00.000Z
84,Noah,"risus. In mi pede, nonummy ut, molestie in, tempus eu,",2028-07-20T21:00:00.000Z
85,Macaulay,"a, facilisis non, bibendum sed, est. Nunc laoreet lectus quis",2002-09-19T21:00:00.000Z
86,Randall,Morbi quis urna. Nunc quis arcu vel quam dignissim pharetra.,2016-11-20T22:00:00.000Z
87,Mark,magna. Cras convallis convallis dolor. Quisque tincidunt pede ac urna.,2007-03-20T22:00:00.000Z
88,Davis,"justo nec ante. Maecenas mi felis, adipiscing fringilla, porttitor vulputate,",2023-01-21T22:00:00.000Z
89,Derek,non lorem vitae odio sagittis semper. Nam tempor diam dictum,2015-07-19T21:00:00.000Z
90,Francis,ornare tortor at risus. Nunc ac sem ut dolor dapibus,2021-01-20T22:00:00.000Z
91,Jameson,tellus justo sit amet nulla. Donec non justo. Proin non,2003-12-20T22:00:00.000Z
92,Brock,tincidunt aliquam arcu. Aliquam ultrices iaculis odio. Nam interdum enim,2005-11-19T22:00:00.000Z
93,Elvis,"massa non ante bibendum ullamcorper. Duis cursus, diam at pretium",2006-12-19T22:00:00.000Z
94,Ishmael,nisi. Mauris nulla. Integer urna. Vivamus molestie dapibus ligula. Aliquam,2009-07-20T21:00:00.000Z
95,Gregory,ipsum primis in faucibus orci luctus et ultrices posuere cubilia,2022-12-20T22:00:00.000Z
96,Geoffrey,Cras interdum. Nunc sollicitudin commodo ipsum. Suspendisse non leo. Vivamus,2020-04-20T21:00:00.000Z
97,Bernard,vel quam dignissim pharetra. Nam ac nulla. In tincidunt congue,2020-04-19T21:00:00.000Z
98,Chester,"augue porttitor interdum. Sed auctor odio a purus. Duis elementum,",2028-09-19T21:00:00.000Z
99,Odysseus,"libero et tristique pellentesque, tellus sem mollis dui, in sodales",2001-02-20T22:00:00.000Z
100,Paki,"faucibus leo, in lobortis tellus justo sit amet nulla. Donec",2005-10-19T21:00:00.000Z